{"The Tourist": {"surprise": 0.011571369133889675, "joy": 0.012322654016315937, "anger": 0.6385535597801208, "fear": 0.0781489759683609, "sadness": 0.25940343737602234}, "The Numbers": {"surprise": 0.019326861947774887, "joy": 0.08526427298784256, "anger": 0.2058262825012207, "fear": 0.29645422101020813, "sadness": 0.39312833547592163}, "Burn the Witch": {"surprise": 0.004902244545519352, "joy": 0.03639259934425354, "anger": 0.15363572537899017, "fear": 0.6112042665481567, "sadness": 0.19386519491672516}, "Decks Dark": {"surprise": 0.008570520207285881, "joy": 0.052122753113508224, "anger": 0.4851498007774353, "fear": 0.09847727417945862, "sadness": 0.35567963123321533}, "Packt Like Sardines in a Crushd Tin Box": {"surprise": 0.017623312771320343, "joy": 0.11590023338794708, "anger": 0.38804399967193604, "fear": 0.28029608726501465, "sadness": 0.1981363594532013}, "Exit Music (For A Film)": {"surprise": 0.007251952309161425, "joy": 0.022376084700226784, "anger": 0.2951837182044983, "fear": 0.4506082832813263, "sadness": 0.22457996010780334}, "Tinker Tailor Soldier Sailor Rich Man Poor Man Beggar Man Thief": {"surprise": 0.020482845604419708, "joy": 0.09692666679620743, "anger": 0.2918684780597687, "fear": 0.10853129625320435, "sadness": 0.48219066858291626}, "Life in a Glasshouse": {"surprise": 0.04247848689556122, "joy": 0.07031074166297913, "anger": 0.18225067853927612, "fear": 0.05154915899038315, "sadness": 0.6534110307693481}, "True Love Waits": {"surprise": 0.0020514221396297216, "joy": 0.04684281349182129, "anger": 0.6034749150276184, "fear": 0.033480335026979446, "sadness": 0.31415048241615295}, "The Bends": {"surprise": 0.015296582132577896, "joy": 0.1022670790553093, "anger": 0.14269155263900757, "fear": 0.3599584102630615, "sadness": 0.3797864317893982}, "Street Spirit (Fade Out)": {"surprise": 0.02128930762410164, "joy": 0.15708628296852112, "anger": 0.23112285137176514, "fear": 0.04478313773870468, "sadness": 0.5457184314727783}, "Blow Out": {"surprise": 0.0030102126765996218, "joy": 0.052487920969724655, "anger": 0.09329698979854584, "fear": 0.22443172335624695, "sadness": 0.6267731189727783}, "Bones": {"surprise": 0.05079471692442894, "joy": 0.07920350879430771, "anger": 0.20275026559829712, "fear": 0.06271708011627197, "sadness": 0.604534387588501}, "Stop Whispering": {"surprise": 0.0010362364118918777, "joy": 0.0076883151195943356, "anger": 0.8408809900283813, "fear": 0.04696517810225487, "sadness": 0.10342924296855927}, "Desert Island Disk": {"surprise": 0.06306176632642746, "joy": 0.21216066181659698, "anger": 0.18403899669647217, "fear": 0.29127565026283264, "sadness": 0.24946290254592896}, "High and Dry": {"surprise": 0.017186854034662247, "joy": 0.053865477442741394, "anger": 0.5843308568000793, "fear": 0.050192058086395264, "sadness": 0.29442474246025085}, "Ripcord": {"surprise": 0.022993477061390877, "joy": 0.05465137958526611, "anger": 0.2626531422138214, "fear": 0.20976805686950684, "sadness": 0.44993385672569275}, "Jigsaw Falling into Place": {"surprise": 0.004220207687467337, "joy": 0.030124422162771225, "anger": 0.2031857967376709, "fear": 0.11472472548484802, "sadness": 0.6477448344230652}, "Identikit": {"surprise": 0.0049466355703771114, "joy": 0.02249663695693016, "anger": 0.14499586820602417, "fear": 0.05219385772943497, "sadness": 0.775367021560669}, "Treefingers": {"surprise": 0.215973898768425, "joy": 0.20930799841880798, "anger": 0.1898932158946991, "fear": 0.2216971516609192, "sadness": 0.16312775015830994}, "Karma Police": {"surprise": 0.004793386906385422, "joy": 0.028497973456978798, "anger": 0.07358305156230927, "fear": 0.13026462495326996, "sadness": 0.762860894203186}, "Codex": {"surprise": 0.004962078295648098, "joy": 0.031214894726872444, "anger": 0.3749138414859772, "fear": 0.06937910616397858, "sadness": 0.5195300579071045}, "My Iron Lung": {"surprise": 0.002644126769155264, "joy": 0.04515739530324936, "anger": 0.5229776501655579, "fear": 0.15323007106781006, "sadness": 0.2759907841682434}, "Separator": {"surprise": 0.015658659860491753, "joy": 0.09651737660169601, "anger": 0.36536216735839844, "fear": 0.15463261306285858, "sadness": 0.36782920360565186}, "(Nice Dream)": {"surprise": 0.025305327028036118, "joy": 0.4441053569316864, "anger": 0.03612788766622543, "fear": 0.15953455865383148, "sadness": 0.33492690324783325}, "Paranoid Android": {"surprise": 0.11164478212594986, "joy": 0.07536593824625015, "anger": 0.2141650915145874, "fear": 0.14349748194217682, "sadness": 0.4553266763687134}, "There, There": {"surprise": 0.002234429819509387, "joy": 0.013864094391465187, "anger": 0.052409082651138306, "fear": 0.03465612232685089, "sadness": 0.8968361616134644}, "Motion Picture Soundtrack": {"surprise": 0.016952482983469963, "joy": 0.16713032126426697, "anger": 0.15989381074905396, "fear": 0.13246190547943115, "sadness": 0.5235614776611328}, "Everything In Its Right Place": {"surprise": 0.003931986168026924, "joy": 0.03713358938694, "anger": 0.49468258023262024, "fear": 0.05208970606327057, "sadness": 0.4121621549129486}, "Give Up the Ghost": {"surprise": 0.0031898103188723326, "joy": 0.010477344505488873, "anger": 0.10542266070842743, "fear": 0.10425953567028046, "sadness": 0.7766506671905518}, "All I Need": {"surprise": 0.01506727747619152, "joy": 0.027127880603075027, "anger": 0.5606790781021118, "fear": 0.1206216812133789, "sadness": 0.2765040695667267}, "Planet Telex": {"surprise": 0.004028704483062029, "joy": 0.0052664512768387794, "anger": 0.6833823323249817, "fear": 0.03762095421552658, "sadness": 0.2697014808654785}, "Climbing Up the Walls": {"surprise": 0.006677490659058094, "joy": 0.09294117987155914, "anger": 0.4338846206665039, "fear": 0.10238710045814514, "sadness": 0.3641095757484436}, "Like Spinning Plates": {"surprise": 0.004871365148574114, "joy": 0.1620972603559494, "anger": 0.23776552081108093, "fear": 0.19879508018493652, "sadness": 0.39647072553634644}, "I Can't": {"surprise": 0.01793009601533413, "joy": 0.030344221740961075, "anger": 0.3832606077194214, "fear": 0.17747941613197327, "sadness": 0.3909856379032135}, "Airbag": {"surprise": 0.056214261800050735, "joy": 0.22220754623413086, "anger": 0.14882494509220123, "fear": 0.13078118860721588, "sadness": 0.4419720768928528}, "Let Down": {"surprise": 0.011116287671029568, "joy": 0.03450829163193703, "anger": 0.17716336250305176, "fear": 0.08287980407476425, "sadness": 0.6943322420120239}, "Weird Fishes/Arpeggi": {"surprise": 0.010079499334096909, "joy": 0.0649046078324318, "anger": 0.16611185669898987, "fear": 0.12293435633182526, "sadness": 0.6359696984291077}, "You": {"surprise": 0.01418500766158104, "joy": 0.09078855812549591, "anger": 0.14655271172523499, "fear": 0.09370657801628113, "sadness": 0.6547671556472778}, "15 Step": {"surprise": 0.008015746250748634, "joy": 0.07147939503192902, "anger": 0.31072258949279785, "fear": 0.16705062985420227, "sadness": 0.4427316188812256}, "Vegetable": {"surprise": 0.002316852565854788, "joy": 0.010544288903474808, "anger": 0.5140225291252136, "fear": 0.09414511173963547, "sadness": 0.3789711892604828}, "Scatterbrain": {"surprise": 0.0028918981552124023, "joy": 0.0151758948341012, "anger": 0.5769848823547363, "fear": 0.09802769124507904, "sadness": 0.30691957473754883}, "In Limbo": {"surprise": 0.01981169916689396, "joy": 0.042001884430646896, "anger": 0.5614317655563354, "fear": 0.06554785370826721, "sadness": 0.31120675802230835}, "Creep": {"surprise": 0.004357031546533108, "joy": 0.02070881426334381, "anger": 0.18294841051101685, "fear": 0.06114638224244118, "sadness": 0.7308393716812134}, "Idioteque": {"surprise": 0.005202073138207197, "joy": 0.04092072695493698, "anger": 0.22189797461032867, "fear": 0.501866340637207, "sadness": 0.23011285066604614}, "You and Whose Army?": {"surprise": 0.044232629239559174, "joy": 0.3692850172519684, "anger": 0.10807406902313232, "fear": 0.15219374001026154, "sadness": 0.3262145519256592}, "Optimistic": {"surprise": 0.037455178797245026,